{"key": "2015-01-27 13:08:24.0000002", "pickup_longitude": -73.9733200073, "pickup_latitude": 40.7638053894, "dropoff_longitude": -73.9814300537, "dropoff_latitude": 40.7438354492, "passenger_count": 1, "hour": 13, "day_of_week": 1, "day_of_month": 27, "week": 5, "month": 1, "year": 15, "distance_km": 2.3232596604}
